{
    "keep": {
        "days": true,
        "amount": 14
    },
    "auditLog": "/app/nocobase/storage/logs/main/workflows/10/.941d57c78130e113afd7d5c5076f16a8d4b59481-audit.json",
    "files": [
        {
            "date": 1738990638890,
            "name": "/app/nocobase/storage/logs/main/workflows/10/2025-02-08.log",
            "hash": "9df380615fc68d48b6f27f2d104d36530905d970638edf7da561623651cac3e7"
        },
        {
            "date": 1739347467157,
            "name": "/app/nocobase/storage/logs/main/workflows/10/2025-02-12.log",
            "hash": "a5a011a377f63846074eb6ec232a89d2e90181268d9d0701859fe30101b8c968"
        },
        {
            "date": 1739423396167,
            "name": "/app/nocobase/storage/logs/main/workflows/10/2025-02-13.log",
            "hash": "48890240a79f0dfe45d43db5cc0f766ac43edfb7188af409e73ad72955e1aacb"
        }
    ],
    "hashType": "sha256"
}