{
    "keep": {
        "days": true,
        "amount": 14
    },
    "auditLog": "/app/nocobase/storage/logs/main/workflows/9/.c5a4088ae8fc8d6d8882d9ab13e24afa31c03325-audit.json",
    "files": [
        {
            "date": 1738920396952,
            "name": "/app/nocobase/storage/logs/main/workflows/9/2025-02-07.log",
            "hash": "74e74510f7e7b184056f21d35bfc72b73d3873141eee00410887459a737e2ae1"
        },
        {
            "date": 1738990444787,
            "name": "/app/nocobase/storage/logs/main/workflows/9/2025-02-08.log",
            "hash": "1abe1dc97eb724b8cf669507278df16b9fb25b7af8a2a971cbab1aa024e08421"
        }
    ],
    "hashType": "sha256"
}