{
    "keep": {
        "days": true,
        "amount": 14
    },
    "auditLog": "/app/nocobase/storage/logs/main/custom-request/.f1b5564146113053d3982c29d54b7908c2f5d3f5-audit.json",
    "files": [
        {
            "date": 1738743144243,
            "name": "/app/nocobase/storage/logs/main/custom-request/2025-02-05.log",
            "hash": "54700fd1703d4a50e2e6f74b50992995a2a314f0b6552ab4448cfd2f9b3b2024"
        },
        {
            "date": 1738822740305,
            "name": "/app/nocobase/storage/logs/main/custom-request/2025-02-06.log",
            "hash": "4cc4387ea657eb5ceaee37a1e9f5faced62a4d95c4685a2b07e66bafba7b09b5"
        },
        {
            "date": 1739346834693,
            "name": "/app/nocobase/storage/logs/main/custom-request/2025-02-12.log",
            "hash": "027f8f094e05829608163454b15ed7e51f2b84b182b735dd85ebaf7fda15ed59"
        },
        {
            "date": 1739446848599,
            "name": "/app/nocobase/storage/logs/main/custom-request/2025-02-13.log",
            "hash": "039f6b148911a157933130426c395d225866122ac608517ed2774a742fc94268"
        },
        {
            "date": 1739523463064,
            "name": "/app/nocobase/storage/logs/main/custom-request/2025-02-14.log",
            "hash": "e3db7ba8d8b56ff76f64064edf6c3a67f235cbe480f4cd6f95866143c9febb2c"
        },
        {
            "date": 1739863768974,
            "name": "/app/nocobase/storage/logs/main/custom-request/2025-02-18.log",
            "hash": "5c2c41fb2851fa0764eb1aa9a894d892c6502a6c6a3f170a648b4be71bf601ee"
        }
    ],
    "hashType": "sha256"
}