{
    "keep": {
        "days": true,
        "amount": 14
    },
    "auditLog": "/app/nocobase/storage/logs/main/workflows/17/.96eb0bfa1261d6601055eb15f6ba071bbdba012f-audit.json",
    "files": [
        {
            "date": 1739442110666,
            "name": "/app/nocobase/storage/logs/main/workflows/17/2025-02-13.log",
            "hash": "bc4a4a9a067a782b8f319edad46f4d7220c2e6fa106c66922ff481f1c6ed60a1"
        },
        {
            "date": 1739508249942,
            "name": "/app/nocobase/storage/logs/main/workflows/17/2025-02-14.log",
            "hash": "470a30c0e466c57e06ea95e001018b728744144747ce2f5497a30c588e81d1d6"
        }
    ],
    "hashType": "sha256"
}