{
    "keep": {
        "days": true,
        "amount": 14
    },
    "auditLog": "/app/nocobase/storage/logs/main/workflows/23/.7d9421c62824e35e55d937a180129927874be6d6-audit.json",
    "files": [
        {
            "date": 1739556309547,
            "name": "/app/nocobase/storage/logs/main/workflows/23/2025-02-14.log",
            "hash": "daa5ada9dd47af0d39b631138354461a3cdf9748ecd47a9c11a175b8f89c036d"
        },
        {
            "date": 1739619355893,
            "name": "/app/nocobase/storage/logs/main/workflows/23/2025-02-15.log",
            "hash": "bc7484fe5e8db5b9b7123e197550ad4318b093d9ab0a186ddaa7cc153c71e38d"
        }
    ],
    "hashType": "sha256"
}