{
    "keep": {
        "days": true,
        "amount": 14
    },
    "auditLog": "/app/nocobase/storage/logs/main/.517ddac6bac76422cc336d56d0b9dd6d12b7d489-audit.json",
    "files": [
        {
            "date": 1738743142139,
            "name": "/app/nocobase/storage/logs/main/sql_2025-02-05.log",
            "hash": "75375590fa36efd28dd4cc148c9e6a6a12a58fb3a61485708846b32f73241d3b"
        },
        {
            "date": 1738822738031,
            "name": "/app/nocobase/storage/logs/main/sql_2025-02-06.log",
            "hash": "c58823d33450565e1fdb788324a346c640cd2c79ce2df5e00e92e7ee7a82549f"
        },
        {
            "date": 1739346831707,
            "name": "/app/nocobase/storage/logs/main/sql_2025-02-12.log",
            "hash": "bc4eebe119a5d555cc5be6b26afd689b31622877a600bceb89661aefc1e50d65"
        },
        {
            "date": 1739446845415,
            "name": "/app/nocobase/storage/logs/main/sql_2025-02-13.log",
            "hash": "34f5eade91ecdabdc0a6e6f1494d12b4fd0223872fe7dcd29d5f9439b2fe1bdc"
        },
        {
            "date": 1739523460025,
            "name": "/app/nocobase/storage/logs/main/sql_2025-02-14.log",
            "hash": "dcf5987c2fe3463156f01fb17d4a2b2e0585b2ff0c83382f30d8fc047b6b9ed6"
        },
        {
            "date": 1739863765001,
            "name": "/app/nocobase/storage/logs/main/sql_2025-02-18.log",
            "hash": "cf72796090a9baace210c0e5cfb913b2a99108d5324487cef489b6cf302b9233"
        }
    ],
    "hashType": "sha256"
}