{
    "keep": {
        "days": true,
        "amount": 14
    },
    "auditLog": "/app/nocobase/storage/logs/main/.96457f60292712231c194aaad6fc697943aabcff-audit.json",
    "files": [
        {
            "date": 1738735517971,
            "name": "/app/nocobase/storage/logs/main/system_error_2025-02-05.log",
            "hash": "b0836b2186fe0582d5a7662475e40ecf9d34cd8e20362e72d0c9fa441fc3986c"
        },
        {
            "date": 1738820878093,
            "name": "/app/nocobase/storage/logs/main/system_error_2025-02-06.log",
            "hash": "833dc5c4c14f8425b98ae90a938585f78cf0070a0ba979f9d088743479d4f1ab"
        },
        {
            "date": 1738909851720,
            "name": "/app/nocobase/storage/logs/main/system_error_2025-02-07.log",
            "hash": "ff79fc3e9f4d9048b0dd311f0467a0561fc5395ff1f58e045606b35870d68558"
        },
        {
            "date": 1739346831654,
            "name": "/app/nocobase/storage/logs/main/system_error_2025-02-12.log",
            "hash": "8eec2a5ea1757a020248540cb7eec7234ca7cf867d228ac61b002d0485f18c92"
        },
        {
            "date": 1739446845376,
            "name": "/app/nocobase/storage/logs/main/system_error_2025-02-13.log",
            "hash": "65dcf16e92ce63c4237a2ea15bd9ed2a3027f24ac5937b3dcb1efe1ffd6ae8f0"
        },
        {
            "date": 1739523459956,
            "name": "/app/nocobase/storage/logs/main/system_error_2025-02-14.log",
            "hash": "54e1d8a9107d47de6398b96c935bfeb2f2bfa29558bb9af8af0afd20116ee964"
        },
        {
            "date": 1739863764967,
            "name": "/app/nocobase/storage/logs/main/system_error_2025-02-18.log",
            "hash": "b9ef0de3efcb0dd88b3dcd86187b52507a0b8a4a3d14225eea28a3110d8421a4"
        }
    ],
    "hashType": "sha256"
}