{
    "keep": {
        "days": true,
        "amount": 14
    },
    "auditLog": "/app/nocobase/storage/logs/main/notification-manager/.e4251198da65a4dfc0608f30cada246ed1ed16a1-audit.json",
    "files": [
        {
            "date": 1738743143786,
            "name": "/app/nocobase/storage/logs/main/notification-manager/2025-02-05.log",
            "hash": "3a4a7b6938155163d8d34811f6bc13295a02f5891bb351cfd081e8977531374c"
        },
        {
            "date": 1738822739847,
            "name": "/app/nocobase/storage/logs/main/notification-manager/2025-02-06.log",
            "hash": "3acad4c8b706fb608b954445e1083ae96918b5edf6c07247908e0fb5f168c745"
        },
        {
            "date": 1738990647277,
            "name": "/app/nocobase/storage/logs/main/notification-manager/2025-02-08.log",
            "hash": "1ed512460ebec49d35b5a7f31073e54630a865c4a78a657a4648dbc80b1ded8c"
        },
        {
            "date": 1739346834211,
            "name": "/app/nocobase/storage/logs/main/notification-manager/2025-02-12.log",
            "hash": "97fc0596688e00f1bdeb947eba75c1d1a2e7a9fe8d10637b163cc19a81e88147"
        },
        {
            "date": 1739429480068,
            "name": "/app/nocobase/storage/logs/main/notification-manager/2025-02-13.log",
            "hash": "8864686bcb44621e305e8e63d45f6668ff47d51207d76d817ea6838e5f7978f7"
        },
        {
            "date": 1739515484995,
            "name": "/app/nocobase/storage/logs/main/notification-manager/2025-02-14.log",
            "hash": "c4969831d0c6139f8dae4d6b1f9bacfce77052818db7a439945211dbe90a4c01"
        },
        {
            "date": 1739594364761,
            "name": "/app/nocobase/storage/logs/main/notification-manager/2025-02-15.log",
            "hash": "e5a9e8d26c6b2a3c805e567148db0b69dcb08f620084a4d0c0abc2ca96bcfba9"
        },
        {
            "date": 1739769057154,
            "name": "/app/nocobase/storage/logs/main/notification-manager/2025-02-17.log",
            "hash": "510476fb909798ff1e4a51eed44fff588f63997607db68ccfa8623d523ce45aa"
        },
        {
            "date": 1739863768137,
            "name": "/app/nocobase/storage/logs/main/notification-manager/2025-02-18.log",
            "hash": "aa6cb557bb6cc08901085a4a89588d551afce6925667dc367b641cb2a75482cd"
        }
    ],
    "hashType": "sha256"
}