{
    "keep": {
        "days": true,
        "amount": 14
    },
    "auditLog": "/app/nocobase/storage/logs/main/user-data-sync/.2582909a47a568116aba49350f2df910ccafb217-audit.json",
    "files": [
        {
            "date": 1738743144612,
            "name": "/app/nocobase/storage/logs/main/user-data-sync/2025-02-05.log",
            "hash": "8b12f54a4a33521b6e2199622dd61b434923c63243b3844bbcc9bf8d88eb404b"
        },
        {
            "date": 1738822740713,
            "name": "/app/nocobase/storage/logs/main/user-data-sync/2025-02-06.log",
            "hash": "df67275597d0329f307b06586a1a4e05746271f578463579c7e39e67de88ffe8"
        },
        {
            "date": 1739346835016,
            "name": "/app/nocobase/storage/logs/main/user-data-sync/2025-02-12.log",
            "hash": "6907e666c0281589805d861c89f24190bf7b0498abe256a75e774e3549709d46"
        },
        {
            "date": 1739446848932,
            "name": "/app/nocobase/storage/logs/main/user-data-sync/2025-02-13.log",
            "hash": "cb590141888068746d5c7de224813051723598afad708a73b01a5216ca63fd58"
        },
        {
            "date": 1739523463473,
            "name": "/app/nocobase/storage/logs/main/user-data-sync/2025-02-14.log",
            "hash": "dcc61b0539431169c174b045f766324b335fc254c7d44c09b8fa802970d4c694"
        },
        {
            "date": 1739863769537,
            "name": "/app/nocobase/storage/logs/main/user-data-sync/2025-02-18.log",
            "hash": "2c4c967659f1c7ceefdabbc9e0db3d39f546f83e87fd8dfbfdeca70522d3841d"
        }
    ],
    "hashType": "sha256"
}